accuracy,precision_macro,recall_macro,f1_macro,confusion_matrix,method,label_fraction,seed,labelled_samples,runtime_seconds,best_C,val_accuracy
0.412,0.5080522014523503,0.4037544092381745,0.36023600104658876,"[[70, 40, 23, 26, 12, 12, 0, 6, 3, 4], [0, 225, 1, 0, 0, 0, 0, 1, 0, 0], [0, 1, 42, 51, 0, 49, 0, 62, 1, 0], [0, 6, 1, 140, 0, 43, 0, 10, 2, 0], [2, 141, 1, 0, 9, 0, 1, 39, 2, 1], [0, 3, 3, 40, 0, 104, 0, 28, 0, 0], [4, 75, 17, 7, 37, 3, 16, 23, 0, 10], [0, 64, 0, 0, 0, 4, 0, 138, 0, 0], [1, 21, 2, 61, 2, 7, 0, 5, 72, 24], [1, 97, 2, 8, 0, 4, 0, 82, 0, 8]]",Supervised CNN,0.01,42,120,51.614970255992375,,
0.382,0.3895843088564345,0.3743813850654505,0.34823372419056114,"[[96, 0, 0, 10, 11, 21, 4, 0, 54, 0], [0, 217, 1, 0, 0, 0, 0, 2, 7, 0], [8, 0, 33, 59, 1, 30, 0, 4, 71, 0], [1, 1, 13, 90, 0, 29, 1, 0, 67, 0], [67, 19, 0, 0, 31, 13, 16, 0, 50, 0], [0, 2, 7, 74, 0, 54, 0, 3, 38, 0], [33, 6, 0, 3, 12, 10, 51, 2, 75, 0], [19, 36, 36, 7, 1, 21, 0, 71, 15, 0], [1, 0, 0, 18, 5, 15, 34, 1, 121, 0], [31, 9, 0, 14, 18, 22, 21, 3, 84, 0]]",SimCLR linear probe,0.01,42,120,5.753393418010091,,
0.099,0.026442634080108617,0.10307692307692307,0.023005565862708723,"[[0, 0, 0, 0, 0, 0, 180, 0, 16, 0], [0, 0, 0, 0, 0, 0, 227, 0, 0, 0], [0, 0, 0, 0, 0, 0, 205, 0, 1, 0], [0, 0, 0, 0, 0, 0, 194, 0, 8, 0], [0, 0, 0, 0, 0, 0, 196, 0, 0, 0], [0, 0, 0, 0, 0, 0, 174, 0, 4, 0], [0, 0, 0, 0, 0, 0, 192, 0, 0, 0], [0, 0, 0, 0, 0, 0, 206, 0, 0, 0], [0, 0, 0, 0, 0, 0, 189, 0, 6, 0], [0, 0, 0, 0, 0, 0, 201, 0, 1, 0]]",Random encoder probe,0.01,42,120,8.734018156974344,,
0.784,0.785895447875806,0.7790486627417182,0.7786489655334499,"[[169, 0, 0, 1, 4, 8, 11, 1, 1, 1], [0, 222, 2, 0, 0, 1, 2, 0, 0, 0], [5, 9, 143, 12, 15, 3, 7, 4, 8, 0], [1, 3, 3, 162, 0, 10, 0, 6, 14, 3], [1, 4, 0, 0, 149, 1, 2, 2, 5, 32], [4, 9, 0, 32, 7, 97, 3, 6, 12, 8], [8, 7, 0, 0, 0, 8, 166, 0, 3, 0], [1, 12, 1, 0, 5, 0, 0, 177, 2, 8], [0, 11, 1, 15, 1, 16, 3, 2, 136, 10], [3, 3, 1, 5, 27, 4, 1, 6, 5, 147]]",Logistic regression,0.01,42,120,5.888284277985804,10.0,0.7625
0.574,0.679316543750063,0.5636316559647531,0.5494240345867676,"[[110, 1, 2, 0, 43, 0, 30, 3, 0, 7], [0, 224, 0, 0, 0, 0, 0, 2, 0, 1], [0, 0, 45, 9, 13, 2, 7, 102, 4, 24], [0, 4, 2, 173, 0, 0, 0, 12, 5, 6], [0, 104, 0, 0, 85, 0, 3, 2, 0, 2], [0, 5, 3, 80, 0, 22, 0, 52, 5, 11], [0, 12, 0, 0, 65, 0, 110, 2, 0, 3], [0, 57, 0, 0, 0, 0, 0, 149, 0, 0], [1, 2, 0, 0, 3, 0, 10, 0, 120, 59], [0, 56, 0, 0, 31, 0, 0, 4, 1, 110]]",Supervised CNN,0.1,42,1200,50.289853558992036,,
0.485,0.5143918033366222,0.4761336709935978,0.4323159713037906,"[[142, 0, 0, 3, 2, 9, 14, 2, 24, 0], [0, 224, 1, 0, 0, 0, 0, 0, 2, 0], [6, 1, 39, 87, 0, 16, 1, 20, 35, 1], [0, 4, 7, 140, 0, 21, 1, 4, 23, 2], [52, 43, 0, 0, 28, 4, 41, 7, 20, 1], [0, 3, 4, 99, 0, 41, 0, 15, 16, 0], [33, 14, 0, 1, 7, 6, 83, 2, 44, 2], [8, 38, 11, 8, 0, 6, 1, 129, 3, 2], [2, 1, 0, 7, 2, 13, 36, 4, 130, 0], [24, 31, 0, 9, 8, 17, 35, 13, 51, 14]]",SimCLR linear probe,0.1,42,1200,10.440403084998252,,
0.204,0.059537658782772326,0.19036725258428927,0.08487905005181948,"[[0, 2, 0, 194, 0, 0, 0, 0, 0, 0], [0, 213, 0, 14, 0, 0, 0, 0, 0, 0], [0, 14, 0, 192, 0, 0, 0, 0, 0, 0], [0, 7, 0, 195, 0, 0, 0, 0, 0, 0], [0, 50, 0, 146, 0, 0, 0, 0, 0, 0], [0, 22, 0, 155, 0, 0, 0, 1, 0, 0], [0, 15, 0, 177, 0, 0, 0, 0, 0, 0], [0, 78, 0, 128, 0, 0, 0, 0, 0, 0], [0, 9, 0, 186, 0, 0, 0, 0, 0, 0], [0, 44, 0, 158, 0, 0, 0, 0, 0, 0]]",Random encoder probe,0.1,42,1200,13.940469749999465,,
0.8735,0.8735212116532111,0.8714575533072224,0.8716935885100098,"[[191, 0, 0, 0, 1, 3, 0, 1, 0, 0], [0, 218, 1, 1, 0, 1, 2, 0, 4, 0], [4, 4, 172, 10, 6, 0, 2, 5, 1, 2], [3, 0, 5, 173, 0, 7, 1, 4, 7, 2], [1, 3, 1, 0, 170, 3, 2, 1, 0, 15], [7, 2, 1, 11, 5, 136, 0, 4, 7, 5], [5, 1, 4, 0, 1, 4, 175, 1, 1, 0], [0, 5, 1, 7, 2, 0, 0, 183, 0, 8], [2, 4, 1, 5, 1, 10, 2, 1, 160, 9], [0, 2, 0, 6, 7, 2, 0, 13, 3, 169]]",Logistic regression,0.1,42,1200,23.28630979199079,0.1,0.8735
0.942,0.9472644259457847,0.9412335368480012,0.9415820892579939,"[[195, 0, 0, 0, 0, 1, 0, 0, 0, 0], [0, 224, 1, 0, 2, 0, 0, 0, 0, 0], [2, 1, 198, 0, 0, 1, 1, 3, 0, 0], [0, 0, 3, 198, 0, 1, 0, 0, 0, 0], [1, 0, 0, 0, 194, 0, 0, 1, 0, 0], [1, 2, 1, 1, 0, 171, 0, 2, 0, 0], [16, 3, 0, 0, 4, 0, 169, 0, 0, 0], [0, 5, 0, 0, 1, 0, 0, 200, 0, 0], [17, 1, 0, 2, 0, 2, 5, 0, 165, 3], [9, 2, 2, 0, 17, 0, 0, 2, 0, 170]]",Supervised CNN,1.0,42,12000,148.4013782730035,,
0.6945,0.6949854052049358,0.6871987474832425,0.679200508262031,"[[163, 0, 3, 1, 15, 2, 9, 0, 2, 1], [0, 221, 1, 1, 2, 0, 0, 1, 0, 1], [5, 0, 105, 38, 1, 17, 1, 25, 8, 6], [0, 0, 12, 156, 0, 11, 0, 13, 8, 2], [31, 11, 0, 0, 121, 0, 23, 1, 3, 6], [0, 0, 8, 82, 0, 67, 0, 14, 4, 3], [25, 11, 1, 0, 27, 2, 105, 2, 15, 4], [0, 12, 3, 6, 3, 4, 0, 178, 0, 0], [4, 0, 1, 1, 2, 2, 7, 2, 161, 15], [12, 16, 10, 2, 12, 3, 3, 3, 29, 112]]",SimCLR linear probe,1.0,42,12000,11.97246702600387,,
0.2425,0.09934060020958954,0.23041125249600597,0.11597852569444574,"[[162, 21, 0, 13, 0, 0, 0, 0, 0, 0], [1, 225, 0, 0, 0, 0, 0, 0, 1, 0], [90, 56, 0, 60, 0, 0, 0, 0, 0, 0], [64, 47, 0, 91, 0, 0, 0, 0, 0, 0], [44, 138, 0, 5, 0, 0, 0, 0, 9, 0], [38, 70, 0, 70, 0, 0, 0, 0, 0, 0], [91, 91, 0, 7, 0, 0, 0, 0, 3, 0], [18, 168, 0, 19, 0, 0, 0, 0, 1, 0], [85, 50, 0, 53, 0, 0, 0, 0, 7, 0], [19, 151, 0, 24, 0, 0, 0, 0, 8, 0]]",Random encoder probe,1.0,42,12000,19.94597119500395,,
0.908,0.9070719779867907,0.9062080682080798,0.9063423963285322,"[[190, 0, 0, 1, 0, 4, 1, 0, 0, 0], [0, 222, 1, 0, 0, 1, 2, 0, 1, 0], [1, 3, 181, 6, 2, 1, 1, 2, 8, 1], [2, 0, 5, 179, 0, 5, 2, 3, 2, 4], [1, 1, 2, 1, 179, 1, 1, 2, 0, 8], [4, 0, 1, 11, 3, 147, 1, 2, 8, 1], [6, 1, 4, 0, 2, 5, 172, 1, 1, 0], [1, 4, 2, 2, 0, 0, 0, 191, 0, 6], [2, 3, 0, 3, 2, 8, 2, 1, 171, 3], [2, 2, 0, 2, 5, 1, 0, 4, 2, 184]]",Logistic regression,1.0,42,12000,109.62903553497745,0.1,0.9075
