epoch,train_loss,train_accuracy,val_loss,val_accuracy,optimizer_updates,total_seconds
1,2.0983381152153013,0.25625,2.107486919403076,0.16033333333333333,20,
2,1.6125117778778075,0.5229166666666667,1.9736206045150757,0.2415,40,
3,1.1735164940357208,0.6833333333333333,1.0611316035588583,0.6644166666666667,60,
4,0.8592831581830979,0.8145833333333333,1.158765155474345,0.58225,80,
5,0.6290918126702308,0.8625,1.2418943274815877,0.5525833333333333,100,
6,0.4961533844470978,0.88125,1.0421922788619995,0.6798333333333333,120,
7,0.3619655430316925,0.9166666666666666,0.6665271817843119,0.77725,140,
8,0.2578061006963253,0.9520833333333333,1.4992954721450806,0.5706666666666667,160,
9,0.22574531920254232,0.9520833333333333,0.8226168732643128,0.7149166666666666,180,
10,0.1513083728030324,0.9791666666666666,1.043965562502543,0.6854166666666667,200,
11,0.11798636373132468,0.9791666666666666,0.7892863570849101,0.7530833333333333,220,
12,0.0573611618950963,1.0,0.6513640564282736,0.7928333333333333,240,
13,0.03701950358226895,1.0,0.5720777293841044,0.81975,260,
14,0.03380344286561012,1.0,0.6931681246757507,0.7951666666666667,280,
15,0.025812575640156866,1.0,0.465860702196757,0.8651666666666666,300,134.97886685899994
