method,label_fraction,accuracy_mean,accuracy_std,precision_macro_mean,precision_macro_std,recall_macro_mean,recall_macro_std,f1_macro_mean,f1_macro_std
Logistic regression,0.01,0.8473,,0.8467149285046377,,0.8447953972015764,,0.8448545301530792,
Logistic regression,0.1,0.8989,,0.8977176895511614,,0.8974677237480962,,0.8974971978371299,
Logistic regression,1.0,0.9239,,0.9230157986191276,,0.9228032466325656,,0.9227807429459928,
Random encoder probe,0.01,0.2854,,0.1457829654545816,,0.2713860970442805,,0.1802905911989442,
Random encoder probe,0.1,0.2519,,0.1037953478102787,,0.2394815098197435,,0.1314303275984382,
Random encoder probe,1.0,0.344,,0.431462343479757,,0.3324441387170615,,0.2411680435563397,
SimCLR linear probe,0.01,0.839,,0.8425701880364178,,0.8371197513147177,,0.8363334012710879,
SimCLR linear probe,0.1,0.8893,,0.8893100460286565,,0.8881920546804125,,0.887922044005738,
SimCLR linear probe,1.0,0.9471,,0.947163431582552,,0.9465428881387156,,0.9466944415019416,
Supervised CNN,0.01,0.8733,,0.8829204426291684,,0.8728509361640697,,0.8712592499019294,
Supervised CNN,0.1,0.9234,,0.932110168157238,,0.922557940608211,,0.9223508535600428,
Supervised CNN,1.0,0.9866,,0.9869560231214456,,0.986376207256231,,0.9865762282394112,
